Image,Mask
0.jpg,0.png
1.jpg,1.png
2.jpg,2.png
3.jpg,3.png
4.jpg,4.png
5.jpg,5.png
6.jpg,6.png
7.jpg,7.png
8.jpg,8.png
9.jpg,9.png
10.jpg,10.png
11.jpg,11.png
12.jpg,12.png
13.jpg,13.png
14.jpg,14.png
15.jpg,15.png
16.jpg,16.png
17.jpg,17.png
18.jpg,18.png
19.jpg,19.png
20.jpg,20.png
21.jpg,21.png
22.jpg,22.png
23.jpg,23.png
24.jpg,24.png
25.jpg,25.png
26.jpg,26.png
27.jpg,27.png
28.jpg,28.png
29.jpg,29.png
30.jpg,30.png
31.jpg,31.png
32.jpg,32.png
33.jpg,33.png
34.jpg,34.png
35.jpg,35.png
36.jpg,36.png
37.jpg,37.png
38.jpg,38.png
39.jpg,39.png
40.jpg,40.png
41.jpg,41.png
42.jpg,42.png
43.jpg,43.png
44.jpg,44.png
45.jpg,45.png
46.jpg,46.png
47.jpg,47.png
48.jpg,48.png
49.jpg,49.png
2001.jpg,2001.png
2002.jpg,2002.png
2003.jpg,2003.png
2004.jpg,2004.png
2005.jpg,2005.png
2006.jpg,2006.png
2007.jpg,2007.png
2008.jpg,2008.png
2009.jpg,2009.png
2010.jpg,2010.png
2011.jpg,2011.png
2012.jpg,2012.png
2013.jpg,2013.png
2014.jpg,2014.png
2015.jpg,2015.png
2016.jpg,2016.png
2017.jpg,2017.png
2018.jpg,2018.png
2019.jpg,2019.png
2020.jpg,2020.png
2021.jpg,2021.png
2022.jpg,2022.png
2023.jpg,2023.png
2024.jpg,2024.png
2025.jpg,2025.png
2026.jpg,2026.png
2027.jpg,2027.png
2028.jpg,2028.png
2029.jpg,2029.png
2030.jpg,2030.png
2031.jpg,2031.png
2032.jpg,2032.png
2033.jpg,2033.png
2034.jpg,2034.png
2035.jpg,2035.png
2036.jpg,2036.png
2037.jpg,2037.png
2038.jpg,2038.png
2039.jpg,2039.png
2040.jpg,2040.png
2041.jpg,2041.png
2042.jpg,2042.png
2043.jpg,2043.png
2044.jpg,2044.png
2045.jpg,2045.png
2046.jpg,2046.png
2047.jpg,2047.png
2048.jpg,2048.png
2049.jpg,2049.png
2050.jpg,2050.png
2051.jpg,2051.png
2052.jpg,2052.png
2053.jpg,2053.png
3000.jpg,3000.png
3001.jpg,3001.png
3002.jpg,3002.png
3003.jpg,3003.png
3004.jpg,3004.png
3005.jpg,3005.png
3006.jpg,3006.png
3007.jpg,3007.png
3008.jpg,3008.png
3009.jpg,3009.png
3010.jpg,3010.png
3011.jpg,3011.png
3012.jpg,3012.png
3013.jpg,3013.png
3014.jpg,3014.png
3015.jpg,3015.png
3016.jpg,3016.png
3017.jpg,3017.png
3018.jpg,3018.png
3019.jpg,3019.png
3020.jpg,3020.png
3021.jpg,3021.png
3022.jpg,3022.png
3023.jpg,3023.png
3024.jpg,3024.png
3025.jpg,3025.png
3026.jpg,3026.png
3027.jpg,3027.png
3028.jpg,3028.png
3029.jpg,3029.png
3030.jpg,3030.png
3031.jpg,3031.png
3032.jpg,3032.png
3033.jpg,3033.png
3034.jpg,3034.png
3035.jpg,3035.png
3036.jpg,3036.png
3037.jpg,3037.png
3038.jpg,3038.png
3039.jpg,3039.png
3040.jpg,3040.png
3041.jpg,3041.png
3042.jpg,3042.png
3043.jpg,3043.png
3044.jpg,3044.png
3045.jpg,3045.png
3046.jpg,3046.png
3047.jpg,3047.png
3048.jpg,3048.png
3049.jpg,3049.png
3050.jpg,3050.png
3051.jpg,3051.png
3052.jpg,3052.png
3053.jpg,3053.png
3054.jpg,3054.png
3055.jpg,3055.png
3056.jpg,3056.png
3057.jpg,3057.png
3058.jpg,3058.png
3059.jpg,3059.png
3060.jpg,3060.png
3061.jpg,3061.png
3062.jpg,3062.png
3063.jpg,3063.png
3064.jpg,3064.png
3065.jpg,3065.png
3066.jpg,3066.png
3067.jpg,3067.png
3068.jpg,3068.png
3069.jpg,3069.png
3070.jpg,3070.png
3071.jpg,3071.png
3072.jpg,3072.png
3073.jpg,3073.png
3074.jpg,3074.png
3075.jpg,3075.png
3076.jpg,3076.png
3077.jpg,3077.png
3078.jpg,3078.png
3079.jpg,3079.png
3080.jpg,3080.png
3081.jpg,3081.png
3082.jpg,3082.png
3083.jpg,3083.png
3084.jpg,3084.png
3085.jpg,3085.png
3086.jpg,3086.png
3087.jpg,3087.png
3088.jpg,3088.png
3089.jpg,3089.png
3090.jpg,3090.png
3091.jpg,3091.png
3092.jpg,3092.png
3093.jpg,3093.png
3094.jpg,3094.png
3095.jpg,3095.png
3096.jpg,3096.png
3097.jpg,3097.png
3098.jpg,3098.png
1000.jpg,1000.png
1001.jpg,1001.png
1002.jpg,1002.png
1003.jpg,1003.png
1004.jpg,1004.png
1005.jpg,1005.png
1006.jpg,1006.png
1007.jpg,1007.png
1008.jpg,1008.png
1009.jpg,1009.png
1010.jpg,1010.png
1011.jpg,1011.png
1012.jpg,1012.png
1013.jpg,1013.png
1014.jpg,1014.png
1015.jpg,1015.png
1016.jpg,1016.png
1017.jpg,1017.png
1018.jpg,1018.png
1019.jpg,1019.png
1020.jpg,1020.png
1021.jpg,1021.png
1022.jpg,1022.png
1023.jpg,1023.png
1024.jpg,1024.png
1025.jpg,1025.png
1026.jpg,1026.png
1027.jpg,1027.png
1028.jpg,1028.png
1029.jpg,1029.png
1030.jpg,1030.png
1031.jpg,1031.png
1032.jpg,1032.png
1033.jpg,1033.png
1034.jpg,1034.png
1035.jpg,1035.png
1036.jpg,1036.png
1037.jpg,1037.png
1038.jpg,1038.png
1039.jpg,1039.png
1040.jpg,1040.png
1041.jpg,1041.png
1042.jpg,1042.png
1043.jpg,1043.png
1044.jpg,1044.png
1045.jpg,1045.png
1046.jpg,1046.png
1047.jpg,1047.png
1048.jpg,1048.png
1049.jpg,1049.png
1050.jpg,1050.png
1051.jpg,1051.png
1052.jpg,1052.png
1053.jpg,1053.png
1054.jpg,1054.png
1055.jpg,1055.png
1056.jpg,1056.png
1057.jpg,1057.png
1058.jpg,1058.png
1059.jpg,1059.png
1060.jpg,1060.png
1061.jpg,1061.png
1062.jpg,1062.png
1063.jpg,1063.png
1064.jpg,1064.png
1065.jpg,1065.png
1066.jpg,1066.png
1067.jpg,1067.png
1068.jpg,1068.png
1069.jpg,1069.png
1070.jpg,1070.png
1071.jpg,1071.png
1072.jpg,1072.png
1073.jpg,1073.png
1074.jpg,1074.png
1075.jpg,1075.png
1076.jpg,1076.png
1077.jpg,1077.png
1078.jpg,1078.png
1079.jpg,1079.png
1080.jpg,1080.png
1081.jpg,1081.png
1082.jpg,1082.png
1083.jpg,1083.png
1084.jpg,1084.png
1085.jpg,1085.png
1086.jpg,1086.png
1087.jpg,1087.png